ID,NOME,CATEGORIA,MARCA
1,Smartphone Samsung Galaxy A53,Eletrônicos,Samsung
2,Camiseta Masculina Estampada,Vestuário,Adidas
3,Conjunto de Panelas Tramontina,Utensílios de Cozinha,Tramontina
4,Arroz Branco Tipo 1 (5kg),Alimentos,Arroz Tio João
5,Notebook Dell Inspiron 15,Eletrônicos,Dell
6,Calça Jeans Feminina Levi's,Vestuário,Levi's
7,Luminária de Mesa LED,Decoração,Philips
8,Feijão Preto (1kg),Alimentos,Feijão Camil
9,Smartwatch Xiaomi Mi Band 6,Eletrônicos,Xiaomi
10,Vestido de Verão Floral,Vestuário,Renner
11,Quadro Decorativo com Moldura,Decoração,Arte em Casa
12,Azeite Extra Virgem Gallo (500ml),Alimentos,Gallo
13,Fone de Ouvido JBL Bluetooth,Eletrônicos,JBL
14,Blusa de Frio Feminina,Decoração,Marisa
15,Candelabro de Cristal,Decoração,Decora
16,Café Solúvel Nescafé (200g),Alimentos,Nescafé
17,Tablet Samsung Galaxy Tab S7,Eletrônicos,Samsung
18,Saia Midi Plissada,Vestuário,Marisa
19,Espelho de Parede Oval,Decoração,Decora
20,Açúcar Cristal (1kg),Alimentos,União
21,Câmera Digital Canon EOS,Eletrônicos,Canon
22,Calças de Moletom Masculinas,Vestuário,Adidas
23,Abajur de Mesa Moderno,Decoração,Decora
24,Macarrão Espaguete Barilla (500g),Alimentos,Barilla
25,Smart TV LG 50" 4K,Eletrônicos,LG
26,Casaco de Inverno,Vestuário,Columbia
27,Tapete de Sala,Decoração,Decora
28,Leite Condensado Moça (395g),Alimentos,Nestlé
29,Caixa de Som Bluetooth JBL,Eletrônicos,JBL
30,Shorts Jeans Feminino,Vestuário,Levi's
31,Vaso de Cerâmica Grande,Decoração,Decora
32,Ovos (Dúzia),Alimentos,Granja Fina
33,Console PlayStation 5,Eletrônicos,Sony
34,Camisa Polo Masculina,Vestuário,Tommy Hilfiger
35,Escultura de Resina,Decoração,Arte em Casa
36,Pão de Forma Pullman (500g),Alimentos,Pullman
37,Monitor LG 27" LED,Eletrônicos,LG
38,Macacão Jeans Feminino,Vestuário,Levi's
39,Porta Retrato de Madeira,Decoração,Decora
40,Manteiga Qualy (200g),Alimentos,Qualy
41,Teclado Gamer Redragon,Eletrônicos,Redragon
42,Vestido de Festa Longo,Vestuário,Renner
43,Relógio de Parede Moderno,Decoração,Decora
44,Queijo Prato (500g),Alimentos,Itambé
45,Mouse Gamer,Eletrônicos,Logitech
46,Calça Social Masculina,Vestuário,Aramis
47,Luminária de Chão,Decoração,Decora
48,Iogurte Natural (1L),Alimentos,Danone
49,Webcam HD Logitech,Eletrônicos,Logitech
50,Jaqueta de Couro,Vestuário,Levi's
51,Centro de Mesa de Vidro,Decoração,Decora
52,Suco de Laranja (1L),Alimentos,Del Valle
53,Impressora Multifuncional HP,Eletrônicos,HP
54,Saia Jeans Feminina,Vestuário,Levi's
55,Cesto de Roupas,Decoração,Decora
56,Biscoito de Chocolate (200g),Alimentos,Marilan
57,Alto-Falante Bluetooth,Eletrônicos,JBL
58,Calças Legging Femininas,Vestuário,Adidas
59,Quadros Decorativos,Decoração,Arte em Casa
60,Pão de Queijo Congelado (1kg),Alimentos,Forno de Minas
61,Projetor Portátil,Eletrônicos,Multilaser
62,Vestido de Noiva,Vestuário,Renner
63,Cachepot de Cerâmica,Decoração,Decora
64,Refrigerante Cola (2L),Alimentos,Coca-Cola
65,Adaptador USB-C,Eletrônicos,Apple
66,Camiseta Estampada Feminina,Vestuário,Adidas
67,Velas Aromáticas,Decoração,Decora
68,Arroz Integral (1kg),Alimentos,Arroz Tio João
69,HD Externo 2TB,Eletrônicos,Seagate
70,Calça Flare Feminina,Vestuário,Levi's
71,Mesa de Centro,Decoração,Decora
72,Frango Congelado (1kg),Alimentos,Frango Bom
73,Roteador Wi-Fi,Eletrônicos,TP-Link
74,Blusa de Frio Masculina,Vestuário,Adidas
75,Cadeiras de Jantar,Decoração,Decora
76,Salsicha (500g),Alimentos,Perdigão
77,Carregador Portátil,Eletrônicos,Anker
78,Macacão Curto,Vestuário,Renner
79,Cofre Decorativo,Decoração,Decora
80,Bacon (200g),Alimentos,Perdigão
81,Cabo HDMI,Eletrônicos,Multilaser
82,Calça Pantalona,Vestuário,Renner
83,Esculturas de Jardim,Decoração,Decora
84,Presunto (200g),Alimentos,Perdigão
85,Fone de Ouvido sem Fio,Eletrônicos,Sony
86,Vestido Tubinho,Vestuário,Renner
87,Enfeites de Natal,Decoração,Decora
88,Pão Francês (unidade),Alimentos,Padaria Pão Quente
89,Adaptador Bluetooth,Eletrônicos,Multilaser
90,Shorts de Cós Alto,Vestuário,Renner
91,Guarda-Sol,Decoração,Decora
92,Pizza Congelada (350g),Alimentos,Perdigão
93,Placa de Vídeo,Eletrônicos,Asus
94,Body de Bebê,Vestuário,Brand X
95,Vaso Sanitário,Decoração,Decora
96,Sorvete (1L),Alimentos,Kibon
97,Televisão 8K,Eletrônicos,Samsung
98,Meias de Algodão,Vestuário,Marisa
99,Cortinas Blackout,Decoração,Decora
100,Bolo de Chocolate (500g),Alimentos,Padaria Pão Quente
ID,NOME,CATEGORIA,MARCA
101,Smartphone Motorola Moto G60,Eletrônicos,Motorola
102,Camiseta Feminina Off White,Vestuário,Renner
103,Conjunto de Panelas Brinox,Utensílios de Cozinha,Brinox
104,Arroz Parboilizado (5kg),Alimentos,Arroz Tio João
105,Notebook Lenovo IdeaPad 3,Eletrônicos,Lenovo
106,Calça Jeans Masculina Lee,Vestuário,Lee
107,Luminária de Teto LED,Decoração,Solar
108,Feijão Verde (1kg),Alimentos,Feijão Camil
109,Smartwatch Garmin Forerunner,Eletrônicos,Garmin
110,Vestido Midi Estampado,Vestuário,Marisa
111,Quadro Decorativo Abstrato,Decoração,Arte em Casa
112,Azeite Extra Virgem Andorinha (500ml),Alimentos,Andorinha
113,Fone de Ouvido Sony WH-1000XM4,Eletrônicos,Sony
114,Blusa de Tricô Feminina,Vestuário,Marisa
115,Centro de Mesa de Madeira,Decoração,Decora
116,Café Torrado e Moído Pilão (500g),Alimentos,Pilão
117,Tablet Lenovo Tab P11,Eletrônicos,Lenovo
118,Saia Jeans A, Vestuário,Levi's
119,Espelho de Aumento,Decoração,Decora
120,Açúcar Mascavo (1kg),Alimentos,União
121,Câmera Instantânea Fujifilm Instax Mini,Eletrônicos,Fujifilm
122,Calças de Moletom Femininas,Vestuário,Adidas
123,Abajur de Teto,Decoração,Decora
124,Macarrão Penne (500g),Alimentos,Barilla
125,Smart TV Samsung 55" 4K,Eletrônicos,Samsung
126,Casaco de Neve,Vestuário,Columbia
127,Tapete para Escritório,Decoração,Decora
128,Leite em Pó Ninho (400g),Alimentos,Nestlé
129,Caixa de Som Bluetooth Sony,Eletrônicos,Sony
130,Shorts de Praia Masculino,Vestuário,Adidas
131,Vaso de Plástico Grande,Decoração,Decora
132,Ovos Caipira (Dúzia),Alimentos,Granja Fina
133,Console Xbox Series S,Eletrônicos,Xbox
134,Camisa de Manga Longa,Vestuário,Tommy Hilfiger
135,Escultura de Bronze,Decoração,Arte em Casa
136,Pão Italiano (500g),Alimentos,Padaria Pão Quente
137,Monitor Samsung 24" LED,Eletrônicos,Samsung
138,Macacão de Algodão,Vestuário,Renner
139,Porta Retrato de Acrílico,Decoração,Decora
140,Manteiga Aviação (200g),Alimentos,Aviação
141,Teclado Bluetooth Logitech,Eletrônicos,Logitech
142,Vestido de Festa Midi,Vestuário,Renner
143,Relógio de Pulso Casio,Decoração,Casio
144,Queijo Minas Frescal (500g),Alimentos,Itambé
145,Mouse Sem Fio,Eletrônicos,Logitech
146,Calça Cargo Masculina,Vestuário,Adidas
147,Luminária de Mesa com Porta USB,Decoração,Decora
148,Iogurte Grego (1L),Alimentos,Danone
149,Webcam Logitech C920,Eletrônicos,Logitech
150,Jaqueta Jeans Masculina,Vestuário,Levi's
151,Centro de Mesa de Cerâmica,Decoração,Decora
152,Suco de Uva Integral (1L),Alimentos,Del Valle
153,Impressora Epson EcoTank,Eletrônicos,Epson
154,Saia Longa,Vestuário,Renner
155,Cesto de Pão,Decoração,Decora
156,Biscoito de Polvilho (200g),Alimentos,Elma Chips
157,Alto-Falante Portátil JBL Flip,Eletrônicos,JBL
158,Calças de Moletom Masculinas,Vestuário,Adidas
159,Quadros Decorativos com LED,Decoração,Arte em Casa
160,Pão de Queijo (350g),Alimentos,Forno de Minas
161,Projetor Multilaser,Eletrônicos,Multilaser
162,Vestido de Noiva,Vestuário,Renner
163,Cachepot de Plástico,Decoração,Decora
164,Refrigerante Guaraná (2L),Alimentos,Antártica
165,Adaptador HDMI para VGA,Eletrônicos,Multilaser
166,Camiseta Básica Feminina,Vestuário,Adidas
167,Velas Decorativas,Decoração,Decora
168,Arroz Selvagem (1kg),Alimentos,Arroz Tio João
169,HD Externo Seagate 4TB,Eletrônicos,Seagate
170,Calça de Moletom Feminina,Vestuário,Adidas
171,Mesa de Jantar,Decoração,Decora
172,Frango Desfiado (1kg),Alimentos,Perdigão
173,Roteador Wi-Fi TP-Link,Eletrônicos,TP-Link
174,Blusa de Frio Masculina,Vestuário,Adidas
175,Cadeiras de Escritório,Decoração,Decora
176,Salsicha Viena (500g),Alimentos,Perdigão
177,Carregador Wireless,Eletrônicos,Anker
178,Macacão de Bebê,Vestuário,Baby Gap
179,Cofre de Metal,Decoração,Decora
180,Bacon Defumado (200g),Alimentos,Perdigão
181,Cabo USB-C,Eletrônicos,Multilaser
182,Calça Jeans Skinny Feminina,Vestuário,Levi's
183,Esculturas de Jardim,Decoração,Arte em Casa
184,Presunto Sliced (200g),Alimentos,Perdigão
185,Fone de Ouvido Sem Fio Apple AirPods,Eletrônicos,Apple
186,Vestido Tubinho, Vestuário,Renner
187,Enfeites de Halloween,Decoração,Decora
188,Pão Francês (unidade),Alimentos,Padaria Pão Quente
189,Adaptador de Rede,Eletrônicos,TP-Link
190,Shorts de Cós Alto Feminino,Vestuário,Adidas
191,Guarda-Sol para Praia,Decoração,Decora
192,Pizza de Calabresa Congelada (350g),Alimentos,Perdigão
193,Placa de Vídeo NVIDIA GeForce,Eletrônicos,NVIDIA
194,Body para Bebê,Vestuário,Baby Gap
195,Vaso Sanitário Branco,Decoração,Decora
196,Sorvete de Creme (1L),Alimentos,Kibon
197,Televisão LG OLED 55",Eletrônicos,LG
198,Meias de Algodão Masculinas,Vestuário,Marisa
199,Cortinas de Tecido,Decoração,Decora
200,Bolo de Cenoura (500g),Alimentos,Padaria Pão Quente
201,Smartphone Xiaomi Redmi Note 10,Eletrônicos,Xiaomi
202,Camiseta Masculina Branca,Vestuário,Adidas
203,Conjunto de Talheres Tramontina,Utensílios de Cozinha,Tramontina
204,Arroz Integral (5kg),Alimentos,Arroz Tio João
205,Notebook Asus VivoBook 14,Eletrônicos,Asus
206,Calça Jeans Masculina Wrangler,Vestuário,Wrangler
207,Luminária de Mesa com LED,Decoração,Solar
208,Feijão Carioca (1kg),Alimentos,Feijão Camil
209,Smartwatch Amazfit Bip U,Eletrônicos,Amazfit
210,Vestido Casual,Vestuário,Saraiva
211,Quadro Decorativo com Frase,Decoração,Arte em Casa
212,Azeite Extra Virgem Gallo (1L),Alimentos,Gallo
213,Fone de Ouvido Bluetooth Edifier,Eletrônicos,Edifier
214,Blusa de Frio Masculina,Decoração,Marisa
215,Candelabro de Ferro,Decoração,Decora
216,Café Solúvel Melitta (200g),Alimentos,Melitta
217,Tablet Samsung Galaxy Tab S6,Eletrônicos,Samsung
218,Saia Jeans Curta,Vestuário,Levi's
219,Espelho de Aumento com Luz,Decoração,Decora
220,Açúcar Refinado (1kg),Alimentos,União
221,Câmera Sony Alpha 7 III,Eletrônicos,Sony
222,Calças de Moletom Masculinas,Vestuário,Adidas
223,Abajur de Teto LED,Decoração,Decora
224,Macarrão Fusilli (500g),Alimentos,Barilla
225,Smart TV Philips 50" 4K,Eletrônicos,Philips
226,Casaco de Lã,Vestuário,Columbia
227,Tapete de Entrada,Decoração,Decora
228,Leite em Pó Aptamil (400g),Alimentos,Aptamil
229,Caixa de Som Bluetooth Anker,Eletrônicos,Anker
230,Shorts de Moletom Feminino,Vestuário,Adidas
231,Vaso de Cerâmica Pequeno,Decoração,Decora
232,Ovos Orgânicos (Dúzia),Alimentos,Granja Fina
233,Console Nintendo Switch,Eletrônicos,Nintendo
234,Camisa de Manga Curta,Vestuário,Tommy Hilfiger
235,Escultura de Madeira,Decoração,Arte em Casa
236,Pão de Alho Congelado (350g),Alimentos,Pão de Alho Bom
237,Monitor Dell 24" LED,Eletrônicos,Dell
238,Macacão de Algodão para Bebê,Vestuário,Baby Gap
239,Porta Retrato de Metal,Decoração,Decora
240,Manteiga Láctea (200g),Alimentos,Qualy
241,Teclado Gamer Corsair,Eletrônicos,Corsair
242,Vestido de Festa Curto,Vestuário,Renner
243,Relógio de Pulso Michael Kors,Decoração,Michael Kors
244,Queijo Prato (1kg),Alimentos,Itambé
245,Mouse Sem Fio Logitech,Eletrônicos,Logitech
246,Calça Social Feminina,Vestuário,Cavalera
247,Luminária de Chão LED,Decoração,Decora
248,Iogurte Natural Activia (1L),Alimentos,Activia
249,Webcam HD Razer,Eletrônicos,Razer
250,Jaqueta Jeans Feminina,Vestuário,Levi's
251,Centro de Mesa de Ferro,Decoração,Decora
252,Suco de Laranja Tropicana (1L),Alimentos,Tropicana
253,Impressora Canon EcoTank,Eletrônicos,Canon
254,Saia de Cintura Alta,Vestuário,Renner
255,Cesto de Roupas de Plástico,Decoração,Decora
256,Biscoito de Maizena (200g),Alimentos,Marilan
257,Alto-Falante Bluetooth Sony,Eletrônicos,Sony
258,Calças de Moletom Femininas,Vestuário,Adidas
259,Quadros Decorativos com Frases Motivacionais,Decoração,Arte em Casa
260,Pão de Queijo Tradicional (1kg),Alimentos,Forno de Minas
261,Projetor de Vídeo,Eletrônicos,Multilaser
262,Vestido de Noiva, Vestuário,Renner
263,Cachepot de Cerâmica Pequeno,Decoração,Decora
264,Refrigerante Fanta (2L),Alimentos,Coca-Cola
265,Adaptador USB para HDMI,Eletrônicos,Multilaser
266,Camiseta Básica Masculina,Vestuário,Adidas
267,Velas Aromáticas de Lavanda,Decoração,Decora
268,Arroz Basmati (1kg),Alimentos,Arroz Tio João
269,HD Externo Western Digital 2TB,Eletrônicos,Western Digital
270,Calça de Moletom Masculina,Vestuário,Adidas
271,Mesa de Centro de Vidro,Decoração,Decora
272,Frango Empanado (1kg),Alimentos,Perdigão
273,Roteador Wi-Fi D-Link,Eletrônicos,D-Link
274,Blusa de Frio Feminina,Vestuário,Adidas
275,Cadeiras de Jantar de Madeira,Decoração,Decora
276,Salsicha Seara (500g),Alimentos,Seara
277,Carregador Portátil Xiaomi,Eletrônicos,Xiaomi
278,Macacão Curto para Bebê,Vestuário,Baby Gap
279,Cofre de Plástico,Decoração,Decora
280,Bacon Defumado (500g),Alimentos,Seara
281,Cabo USB tipo C,Eletrônicos,Multilaser
282,Calça Jeans Feminina Skinny,Vestuário,Levi's
283,Esculturas de Jardim de Gato,Decoração,Arte em Casa
284,Presunto Cozido (500g),Alimentos,Perdigão
285,Fone de Ouvido Wireless Sennheiser,Eletrônicos,Sennheiser
286,Vestido de Festa Longo,Vestuário,Renner
287,Enfeites de Natal com Luz,Decoração,Decora
288,Pão Francês Fresco (unidade),Alimentos,Padaria Pão Quente
289,Adaptador de Rede Wireless,Eletrônicos,TP-Link
290,Shorts de Cós Alto Feminino,Vestuário,Adidas
291,Guarda-Sol com Estampa,Decoração,Decora
292,Pizza de Frango Congelada (350g),Alimentos,Perdigão
293,Placa de Vídeo AMD Radeon,Eletrônicos,AMD
294,Body para Bebê de Algodão,Vestuário,Baby Gap
295,Vaso de Flores de Plástico,Decoração,Decora
296,Sorvete de Morango (1L),Alimentos,Kibon
297,Televisão Samsung 65" 4K,Eletrônicos,Samsung
298,Meias de Algodão Femininas,Vestuário,Marisa
299,Cortinas de Tecido com Estampa,Decoração,Decora
300,Bolo de Fubá (500g),Alimentos,Padaria Pão Quente
301,Smartphone Motorola Moto G9,Eletrônicos,Motorola
302,Camiseta Feminina Preta,Vestuário,Adidas
303,Conjunto de Facas Tramontina,Utensílios de Cozinha,Tramontina
304,Arroz Parboilizado (1kg),Alimentos,Arroz Tio João
305,Notebook Acer Aspire 5,Eletrônicos,Acer
306,Calça Jeans Masculina Diesel,Vestuário,Diesel
307,Luminária de Mesa,Decoração,Philips
308,Feijão Preto (5kg),Alimentos,Camil
309,Smartwatch Samsung Galaxy Watch,Eletrônicos,Samsung
310,Vestido de Festa Curto,Vestuário,Renner
311,Quadro Decorativo com Imagem de Praia,Decoração,Arte em Casa
312,Azeite Extra Virgem Figueira da Foz (500ml),Alimentos,Figueira da Foz
313,Fone de Ouvido Beats,Eletrônicos,Beats
314,Blusa de Tricô Masculina,Vestuário,Marisa
315,Candelabro de Madeira,Decoração,Decora
316,Café Torrado e Moído 3 Corações (500g),Alimentos,3 Corações
317,Tablet Apple iPad,Eletrônicos,Apple
318,Saia de Tule,Vestuário,Renner
319,Espelho de Parede Redondo,Decoração,Decora
320,Açúcar Cristal (5kg),Alimentos,União
321,Câmera Nikon D3500,Eletrônicos,Nikon
322,Calças de Moletom Femininas,Vestuário,Adidas
323,Abajur de Mesa com Luz LED,Decoração,Decora
324,Macarrão Talharim (500g),Alimentos,Barilla
325,Smart TV AOC 43" 4K,Eletrônicos,AOC
326,Casaco de Inverno com Capuz,Vestuário,Columbia
327,Tapete de Banheiro,Decoração,Decora
328,Leite em Pó Ninho (800g),Alimentos,Nestlé
329,Caixa de Som Bluetooth Multilaser,Eletrônicos,Multilaser
330,Shorts de Moletom Masculino,Vestuário,Adidas
331,Vaso de Cerâmica Pequeno,Decoração,Decora
332,Ovos Caipira (Dúzia),Alimentos,Granja Fina
333,Console Xbox One,Eletrônicos,Xbox
334,Camisa de Manga Curta Masculina,Vestuário,Tommy Hilfiger
335,Escultura de Gato,Decoração,Arte em Casa
336,Pão de Forma (500g),Alimentos,Pullman
337,Monitor BenQ 27" LED,Eletrônicos,BenQ
338,Macacão Jeans Feminino,Vestuário,Levi's
339,Porta Retrato de Madeira com Vidro,Decoração,Decora
340,Manteiga (200g),Qualy,Alimentos,Qualy
341,Teclado Mecânico,Eletrônicos,Razer
342,Vestido de Festa Curto, Vestuário,Renner
343,Relógio de Pulso Casio,Decoração,Casio
344,Queijo Mussarela (1kg),Alimentos,Itambé
345,Mouse Gamer RGB,Eletrônicos,Razer
346,Calça Social Masculina,Vestuário,Aramis
347,Luminária de Chão LED,Decoração,Decora
348,Iogurte Natural Nestlé (1L),Alimentos,Nestlé
349,Webcam Logitech C920,Eletrônicos,Logitech
350,Jaqueta de Couro Masculina,Vestuário,Levi's
351,Centro de Mesa de Vidro,Decoração,Decora
352,Suco de Melancia (1L),Alimentos,Del Valle
353,Impressora HP DeskJet,Eletrônicos,HP
354,Saia de Cintura Alta,Vestuário,Renner
355,Cesto de Roupas de Plástico,Decoração,Decora
356,Biscoito de Chocolate (400g),Alimentos,Marilan
357,Alto-Falante Portátil JBL Charge,Eletrônicos,JBL
358,Calças de Moletom Masculinas,Vestuário,Adidas
359,Quadros Decorativos com Paisagens,Decoração,Arte em Casa
360,Pão de Queijo Tradicional (500g),Alimentos,Forno de Minas
361,Projetor de Vídeo Multilaser,Eletrônicos,Multilaser
362,Vestido de Noiva,Vestuário,Renner
363,Cachepot de Cerâmica Pequeno,Decoração,Decora
364,Refrigerante Guaraná (600ml),Alimentos,Antártica
365,Adaptador USB para HDMI,Eletrônicos,Multilaser
366,Camiseta Básica Feminina,Vestuário,Adidas
367,Velas Aromáticas de Canela,Decoração,Decora
368,Arroz Selvagem (500g),Alimentos,Arroz Tio João
369,HD Externo Seagate 1TB,Eletrônicos,Seagate
370,Calça de Moletom Feminina,Vestuário,Adidas
371,Mesa de Centro de Vidro,Decoração,Decora
372,Frango Congelado (1kg),Alimentos,Perdigão
373,Roteador Wi-Fi TP-Link,Eletrônicos,TP-Link
374,Blusa de Frio Masculina,Vestuário,Adidas
375,Cadeiras de Jardim,Decoração,Decora
376,Salsicha Seara (500g),Alimentos,Seara
377,Carregador Portátil Anker,Eletrônicos,Anker
378,Macacão Curto para Bebê,Vestuário,Baby Gap
379,Cofre de Metal,Decoração,Decora
380,Bacon Defumado (250g),Alimentos,Seara
381,Cabo HDMI,Eletrônicos,Multilaser
382,Calça Jeans Feminina Flare,Vestuário,Levi's
383,Esculturas de Jardim de Gato,Decoração,Arte em Casa
384,Presunto Cozido (250g),Alimentos,Perdigão
385,Fone de Ouvido Wireless Sony WF-1000XM4,Eletrônicos,Sony
386,Vestido Tubinho, Vestuário,Renner
387,Enfeites de Natal para Árvore,Decoração,Decora
388,Pão Francês (unidade),Alimentos,Padaria Pão Quente
389,Adaptador Bluetooth 5.0,Eletrônicos,Multilaser
390,Shorts de Cós Alto Feminino,Vestuário,Adidas
391,Guarda-Sol para Praia,Decoração,Decora
392,Pizza de Calabresa Congelada (350g),Alimentos,Perdigão
393,Placa de Vídeo NVIDIA GTX,Eletrônicos,NVIDIA
394,Body para Bebê de Algodão,Vestuário,Baby Gap
395,Vaso Sanitário Branco,Decoração,Decora
396,Sorvete de Flocos (1L),Alimentos,Kibon
397,Televisão LG UHD 55",Eletrônicos,LG
398,Meias de Algodão Femininas,Vestuário,Marisa
399,Cortinas de Tecido,Decoração,Decora
400,Bolo de Fubá (500g),Alimentos,Padaria Pão Quente
401,Smartphone Samsung Galaxy A72,Eletrônicos,Samsung
402,Camiseta Masculina Azul,Vestuário,Adidas
403,Conjunto de Panelas Rochedo,Utensílios de Cozinha,Rochedo
404,Arroz Integral (5kg),Alimentos,Arroz Tio João
405,Notebook HP Pavilion 14,Eletrônicos,HP
406,Calça Jeans Masculina Wrangler,Vestuário,Wrangler
407,Luminária de Teto de Cristal,Decoração,Philips
408,Feijão Carioca (1kg),Alimentos,Camil
409,Smartwatch Amazfit Bip,Eletrônicos,Amazfit
410,Vestido Casual,Vestuário,Saraiva
411,Quadro Decorativo com Frase Motivacional,Decoração,Arte em Casa
412,Azeite Extra Virgem Andorinha (1L),Alimentos,Andorinha
413,Fone de Ouvido Bluetooth Jabra,Eletrônicos,Jabra
414,Blusa de Tricô Feminina,Vestuário,Marisa
415,Candelabro de Ferro,Decoração,Decora
416,Café Solúvel 3 Corações (200g),Alimentos,3 Corações
417,Tablet Lenovo Tab M10,Eletrônicos,Lenovo
418,Saia Jeans Curta,Vestuário,Levi's
419,Espelho de Aumento com Luz,Decoração,Decora
420,Açúcar Mascavo (1kg),Alimentos,União
421,Câmera Canon EOS 2000D,Eletrônicos,Canon
422,Calças de Moletom Masculinas,Vestuário,Adidas
423,Abajur de Mesa com Luz LED,Decoração,Decora
424,Macarrão Talharim (1kg),Alimentos,Barilla
425,Smart TV LG 50" 4K,Eletrônicos,LG
426,Casaco de Lã,Vestuário,Columbia
427,Tapete de Entrada,Decoração,Decora
428,Leite em Pó Ninho (800g),Alimentos,Nestlé
429,Caixa de Som Bluetooth Multilaser,Eletrônicos,Multilaser
430,Shorts de Moletom Masculino,Vestuário,Adidas
431,Vaso de Cerâmica Pequeno,Decoração,Decora
432,Ovos Caipira (Dúzia),Alimentos,Granja Fina
433,Console Nintendo Switch,Eletrônicos,Nintendo
434,Camisa de Manga Curta Masculina,Vestuário,Tommy Hilfiger
435,Escultura de Gato,Decoração,Arte em Casa
436,Pão de Forma (500g),Alimentos,Pullman
437,Monitor BenQ 27" LED,Eletrônicos,BenQ
438,Macacão Jeans Feminino,Vestuário,Levi's
439,Porta Retrato de Madeira com Vidro,Decoração,Decora
440,Manteiga (200g),Qualy,Alimentos,Qualy
441,Teclado Mecânico,Eletrônicos,Razer
442,Vestido de Festa Curto,Vestuário,Renner
443,Relógio de Pulso Michael Kors,Decoração,Michael Kors
444,Queijo Mussarela (1kg),Alimentos,Itambé
445,Mouse Gamer RGB,Eletrônicos,Razer
446,Calça Social Masculina,Vestuário,Aramis
447,Luminária de Chão LED,Decoração,Decora
448,Iogurte Natural Nestlé (1L),Alimentos,Nestlé
449,Webcam Logitech C920,Eletrônicos,Logitech
450,Jaqueta de Couro Masculina,Vestuário,Levi's
451,Centro de Mesa de Vidro,Decoração,Decora
452,Suco de Melancia (1L),Alimentos,Del Valle
453,Impressora HP DeskJet,Eletrônicos,HP
454,Saia de Cintura Alta,Vestuário,Renner
455,Cesto de Roupas de Plástico,Decoração,Decora
456,Biscoito de Chocolate (400g),Alimentos,Marilan
457,Alto-Falante Portátil JBL Charge,Eletrônicos,JBL
458,Calças de Moletom Masculinas,Vestuário,Adidas
459,Quadros Decorativos com Paisagens,Decoração,Arte em Casa
460,Pão de Queijo Tradicional (500g),Alimentos,Forno de Minas
461,Projetor de Vídeo,Eletrônicos,Multilaser
462,Vestido de Noiva,Vestuário,Renner
463,Cachepot de Cerâmica Pequeno,Decoração,Decora
464,Refrigerante Guaraná (600ml),Alimentos,Antártica
465,Adaptador USB para HDMI,Eletrônicos,Multilaser
466,Camiseta Básica Masculina,Vestuário,Adidas
467,Velas Aromáticas de Lavanda,Decoração,Decora
468,Arroz Selvagem (500g),Alimentos,Arroz Tio João
469,HD Externo Seagate 1TB,Eletrônicos,Seagate
470,Calça de Moletom Feminina,Vestuário,Adidas
471,Mesa de Centro de Vidro,Decoração,Decora
472,Frango Congelado (1kg),Alimentos,Perdigão
473,Roteador Wi-Fi TP-Link,Eletrônicos,TP-Link
474,Blusa de Frio Feminina,Vestuário,Adidas
475,Cadeiras de Jardim,Decoração,Decora
476,Salsicha Seara (500g),Alimentos,Seara
477,Carregador Portátil Anker,Eletrônicos,Anker
478,Macacão Curto para Bebê,Vestuário,Baby Gap
479,Cofre de Metal,Decoração,Decora
480,Bacon Defumado (250g),Alimentos,Seara
481,Cabo HDMI,Eletrônicos,Multilaser
482,Calça Jeans Feminina Skinny,Vestuário,Levi's
483,Esculturas de Jardim de Gato,Decoração,Arte em Casa
484,Presunto Cozido (250g),Alimentos,Perdigão
485,Fone de Ouvido Wireless Sony WF-1000XM4,Eletrônicos,Sony
486,Vestido Tubinho, Vestuário,Renner
487,Enfeites de Natal para Árvore,Decoração,Decora
488,Pão Francês (unidade),Alimentos,Padaria Pão Quente
489,Adaptador Bluetooth 5.0,Eletrônicos,Multilaser
490,Shorts de Cós Alto Feminino,Vestuário,Adidas
491,Guarda-Sol para Praia,Decoração,Decora
492,Pizza de Calabresa Congelada (350g),Alimentos,Perdigão
493,Placa de Vídeo NVIDIA GTX,Eletrônicos,NVIDIA
494,Body para Bebê de Algodão,Vestuário,Baby Gap
495,Vaso Sanitário Branco,Decoração,Decora
496,Sorvete de Morango (1L),Alimentos,Kibon
497,Televisão Samsung 65" 4K,Eletrônicos,Samsung
498,Meias de Algodão Femininas,Vestuário,Marisa
499,Cortinas de Tecido,Decoração,Decora
500,Bolo de Fubá (500g),Alimentos,Padaria Pão Quente
501,Smartphone Xiaomi Redmi Note 11,Eletrônicos,Xiaomi
502,Camiseta Masculina Verde,Vestuário,Adidas
503,Conjunto de Talheres Tramontina,Utensílios de Cozinha,Tramontina
504,Arroz Parboilizado (10kg),Alimentos,Arroz Tio João
505,Notebook Dell XPS 13,Eletrônicos,Dell
506,Calça Jeans Masculina Dockers,Vestuário,Dockers
507,Luminária de Mesa LED,Decoração,Philips
508,Feijão Preto (2kg),Alimentos,Camil
509,Smartwatch Huawei Watch GT,Eletrônicos,Huawei
510,Vestido Midi de Algodão,Vestuário,Marisa
511,Quadro Decorativo com Citação,Decoração,Arte em Casa
512,Azeite Extra Virgem Borges (1L),Alimentos,Borges
513,Fone de Ouvido Bluetooth Anker,Eletrônicos,Anker
514,Blusa de Tricô Masculina,Decoração,Marisa
515,Candelabro de Cristal,Decoração,Decora
516,Café Torrado e Moído Melitta (500g),Alimentos,Melitta
517,Tablet Apple iPad Air,Eletrônicos,Apple
518,Saia Midi de Algodão,Vestuário,Renner
519,Espelho de Aumento,Decoração,Decora
520,Açúcar Mascavo (5kg),Alimentos,União
521,Câmera Canon EOS 90D,Eletrônicos,Canon
522,Calças de Moletom Masculinas,Vestuário,Adidas
523,Abajur de Mesa com Luz LED,Decoração,Decora
524,Macarrão Penne (1kg),Alimentos,Barilla
525,Smart TV Samsung 65" 4K,Eletrônicos,Samsung
526,Casaco de Lã,Vestuário,Columbia
527,Tapete de Entrada,Decoração,Decora
528,Leite em Pó Ninho (1kg),Alimentos,Nestlé
529,Caixa de Som Bluetooth JBL Flip,Eletrônicos,JBL
530,Shorts de Moletom Masculino,Vestuário,Adidas
531,Vaso de Cerâmica Pequeno,Decoração,Decora
532,Ovos Caipira (Dúzia),Alimentos,Granja Fina
533,Console Nintendo Switch Lite,Eletrônicos,Nintendo
534,Camisa de Manga Curta Masculina,Vestuário,Tommy Hilfiger
535,Escultura de Gato,Decoração,Arte em Casa
536,Pão de Forma (750g),Alimentos,Pullman
537,Monitor Samsung 32" LED,Eletrônicos,Samsung
538,Macacão Jeans Feminino,Vestuário,Levi's
539,Porta Retrato de Madeira com Vidro,Decoração,Decora
540,Manteiga (250g),Qualy,Alimentos,Qualy
541,Teclado Mecânico Corsair,Eletrônicos,Corsair
542,Vestido de Festa Curto,Vestuário,Renner
543,Relógio de Pulso Fossil,Decoração,Fossil
544,Queijo Mussarela (500g),Alimentos,Itambé
545,Mouse Gamer Logitech,Eletrônicos,Logitech
546,Calça Social Masculina,Vestuário,Aramis
547,Luminária de Chão LED,Decoração,Decora
548,Iogurte Natural Danone (1L),Alimentos,Danone
549,Webcam HD Razer,Eletrônicos,Razer
550,Jaqueta de Couro Feminina,Vestuário,Levi's
551,Centro de Mesa de Vidro,Decoração,Decora
552,Suco de Laranja (1L),Alimentos,Del Valle
553,Impressora HP LaserJet,Eletrônicos,HP
554,Saia de Cintura Alta,Vestuário,Renner
555,Cesto de Roupas de Plástico,Decoração,Decora
556,Biscoito de Chocolate (300g),Alimentos,Marilan
557,Alto-Falante Portátil JBL Go,Eletrônicos,JBL
558,Calças de Moletom Femininas,Vestuário,Adidas
559,Quadros Decorativos com Frases Motivacionais,Decoração,Arte em Casa
560,Pão de Queijo Tradicional (1kg),Alimentos,Forno de Minas
561,Projetor de Vídeo,Eletrônicos,Multilaser
562,Vestido de Noiva,Vestuário,Renner
563,Cachepot de Cerâmica Pequeno,Decoração,Decora
564,Refrigerante Guaraná (2L),Alimentos,Antártica
565,Adaptador USB para HDMI,Eletrônicos,Multilaser
566,Camiseta Básica Masculina,Vestuário,Adidas
567,Velas Aromáticas de Lavanda,Decoração,Decora
568,Arroz Selvagem (2kg),Alimentos,Arroz Tio João
569,HD Externo Seagate 2TB,Eletrônicos,Seagate
570,Calça de Moletom Feminina,Vestuário,Adidas
571,Mesa de Centro de Vidro,Decoração,Decora
572,Frango Congelado (2kg),Alimentos,Perdigão
573,Roteador Wi-Fi TP-Link,Eletrônicos,TP-Link
574,Blusa de Frio Masculina,Vestuário,Adidas
575,Cadeiras de Jardim,Decoração,Decora
576,Salsicha Seara (500g),Alimentos,Seara
577,Carregador Portátil Anker,Eletrônicos,Anker
578,Macacão Curto para Bebê,Vestuário,Baby Gap
579,Cofre de Metal,Decoração,Decora
580,Bacon Defumado (300g),Alimentos,Seara
581,Cabo HDMI,Eletrônicos,Multilaser
582,Calça Jeans Feminina Flare,Vestuário,Levi's
583,Esculturas de Jardim de Gato,Decoração,Arte em Casa
584,Presunto Cozido (300g),Alimentos,Perdigão
585,Fone de Ouvido Wireless Sony WH-CH700N,Eletrônicos,Sony
586,Vestido Tubinho, Vestuário,Renner
587,Enfeites de Natal para Árvore,Decoração,Decora
588,Pão Francês (unidade),Alimentos,Padaria Pão Quente
589,Adaptador Bluetooth 5.0,Eletrônicos,Multilaser
590,Shorts de Cós Alto Feminino,Vestuário,Adidas
591,Guarda-Sol para Praia,Decoração,Decora
592,Pizza de Calabresa Congelada (350g),Alimentos,Perdigão
593,Placa de Vídeo NVIDIA RTX,Eletrônicos,NVIDIA
594,Body para Bebê de Algodão,Vestuário,Baby Gap
595,Vaso Sanitário Branco,Decoração,Decora
596,Sorvete de Creme (1L),Alimentos,Kibon
597,Televisão LG UHD 75",Eletrônicos,LG
598,Meias de Algodão Masculinas,Vestuário,Marisa
599,Cortinas de Tecido,Decoração,Decora
600,Bolo de Cenoura (500g),Alimentos,Padaria Pão Quente
